provider_id,provider_name,legal_name,provider_description,website,phone,source_type,source_url,data_quality_status,last_verified_at,public_visibility,organization_type,partner_status,service_id,service_name,service_type,service_category,service_mode,journey_stage,service_public_visibility,service_description,eligibility_summary,eligibility_group,documentation_notes,call_first,referral_enabled,location_id,location_name,address,city,state,zip_code,hours_text,service_area,languages,accessibility,schedule_exceptions,transport_notes,latitude,longitude,availability_status,availability_visibility,availability_details
prov_feeding_sd,Feeding San Diego,,Regional hunger-relief organization with a public food-distribution locator.,https://feedingsandiego.org/find-food/,858-452-3663,official_public_source,https://feedingsandiego.org/find-food/,public_source,2026-08-02T12:00:00+00:00,PUBLIC,food_bank_network,outreach_priority,svc_feeding_sd_locator,Find Food map,food_locator,food,external_locator,immediate_food,PUBLIC,Search Feeding San Diego's official map for free food distributions near a ZIP code.,Requirements vary by distribution partner and site; many distributions are open access.,SITE_SPECIFIC_FOOD_DISTRIBUTION,Review the selected site before travel. SANDI does not copy live inventory.,false,false,loc_feeding_sd_countywide,Countywide online locator,,San Diego,CA,,Live locator; each site has its own day and time,San Diego County,Website language options vary,Site-specific,,Use the selected site address for route planning.,,,CALL_TO_VERIFY,PUBLIC,Open the live locator because schedules and site requirements change.
prov_feeding_sd,Feeding San Diego,,Regional hunger-relief organization with public food and CalFresh outreach resources.,https://feedingsandiego.org/calfresh/,858-863-6635,official_public_source,https://feedingsandiego.org/calfresh/,public_source,2026-08-02T12:00:00+00:00,PUBLIC,food_bank_network,outreach_priority,svc_feeding_sd_calfresh,CalFresh application help,benefits_application,food_benefits,external_contact,more_help,PUBLIC,Connect with Feeding San Diego CalFresh specialists for application assistance and help with a pending case.,Anyone may ask for application help; the County determines CalFresh eligibility.,CALFRESH_APPLICATION_ASSISTANCE,Current public contact: calfreshteam@feedingsandiego.org. Residents must live in San Diego County; the County makes the final decision.,true,false,loc_feeding_sd_remote,Remote/community outreach route,,San Diego,CA,,Contact organization to verify current assistance hours,San Diego County,Ask provider,Remote and community options may be available,,,,,CALL_TO_VERIFY,PUBLIC,Verify current outreach channel directly.
prov_sd_food_bank,San Diego Food Bank,Jacobs & Cushman San Diego Food Bank,Regional hunger-relief organization and partner network. Its formal legal name is Jacobs & Cushman San Diego Food Bank.,https://www.sandiegofoodbank.org/get-food/,1-866-350-3663,official_public_source,https://www.sandiegofoodbank.org/get-food/,public_source,2026-08-02T12:00:00+00:00,PUBLIC,food_bank_network,outreach_priority,svc_sd_food_bank_locator,GPS Food Locator,food_locator,food,external_locator,immediate_food,PUBLIC,"Search the official GPS Food Locator by ZIP code, day, and travel distance. Open each site for food type, requirements, closures, and helpful tips.","Each distribution site may have its own schedule, service area, registration, or documentation requirements.",SITE_SPECIFIC_FOOD_DISTRIBUTION,"Some participating sites offer a Food Bank ID Card, but site rules vary. Review the selected site before travel.",false,false,loc_sd_food_bank_countywide,Countywide online locator,,San Diego,CA,,Live locator; site schedules vary,San Diego County,Website and partner dependent,Site-specific,,Use the chosen distribution address for routing.,,,CALL_TO_VERIFY,PUBLIC,Use the live locator for current site details.
prov_sd_food_bank,San Diego Food Bank,Jacobs & Cushman San Diego Food Bank,Regional food bank and CalFresh outreach partner.,https://www.sandiegofoodbank.org/programs/calfresh-eligibility-request/,1-866-350-3663,official_public_source,https://www.sandiegofoodbank.org/programs/calfresh-eligibility-request/,public_source,2026-08-02T12:00:00+00:00,PUBLIC,food_bank_network,outreach_priority,svc_sd_food_bank_calfresh,CalFresh application assistance,benefits_application,food_benefits,external_contact,more_help,PUBLIC,Request help from Food Bank staff to start and complete the County CalFresh application process.,Application help is open; County staff make the eligibility decision.,CALFRESH_APPLICATION_ASSISTANCE,The Food Bank request form is not the official CalFresh application. The County determines eligibility and handles existing-case questions.,true,false,loc_sd_food_bank_remote,Countywide assistance route,,San Diego,CA,,Verify current outreach hours,San Diego County,Ask provider,Ask provider,,,,,CALL_TO_VERIFY,PUBLIC,Current assistance availability should be confirmed.
prov_sd_hunger,San Diego Hunger Coalition,,Regional anti-hunger organization that publishes and aggregates plain-language food-resource materials.,https://www.sdhunger.org/get-food,,official_public_source,https://www.sdhunger.org/get-food,public_source,2026-08-02T12:00:00+00:00,PUBLIC,resource_coordinator,outreach_priority,svc_sd_hunger_flyers,Food maps and multilingual guides,food_navigation,food_information,external_information,immediate_food,PUBLIC,Open plain-language food-resource guides and links to the regional food-bank maps.,Information is open access; each linked service has its own requirements.,OPEN_ACCESS_INFORMATION,Use the latest dated flyer and original provider source.,false,false,loc_sd_hunger_online,Online information resource,,San Diego,CA,,Online information,San Diego County,Multilingual materials,Printable/static materials,,,,,AVAILABLE,PUBLIC,Open information resource; linked provider details still require verification.
prov_211_sd,211 San Diego,,"Free phone and web resource navigation, food-resource database, and public-benefit enrollment assistance.",https://211sandiego.org/food-assistance-resources,2-1-1,official_public_source,https://211sandiego.org/food-assistance-resources,public_source,2026-08-02T12:00:00+00:00,PUBLIC,navigation_enrollment,existing_contact,svc_211_food_navigation,Food navigation and CalFresh enrollment help,food_navigation,food_and_benefits,phone_or_web,more_help,PUBLIC,Call 2-1-1 or use the food-assistance resource pages for food sites and application help.,Anyone may request navigation. Program eligibility is determined by the responsible agency.,OPEN_ACCESS_NAVIGATION,SANDI does not reproduce 211 proprietary case data or claim API access.,true,false,loc_211_remote,Phone and web,,San Diego,CA,,Phone service and online directory; verify current enrollment-center hours,San Diego County,Multilingual navigation available; confirm current language support,Phone and web,,,,,AVAILABLE,PUBLIC,Open navigation route; specific provider availability changes.
prov_benefitscal,BenefitsCal,,"California public-facing portal for applying for and managing food, cash, and health benefits.",https://benefitscal.com/,,official_state_portal,https://info.benefitscal.com/,official_source,2026-08-02T12:00:00+00:00,PUBLIC,government_portal,external_system,svc_benefitscal_apply,Official CalFresh application portal,benefits_application,food_benefits,external_application,more_help,PUBLIC,Start or manage an official CalFresh application through California’s public portal.,Anyone may file an application; County staff determine eligibility.,OFFICIAL_APPLICATION,"SANDI should deep-link or hand off, not duplicate CalSAWS eligibility determination.",false,false,loc_benefitscal_online,Online application portal,,San Diego,CA,,Online portal,California,Portal language options,Online,,,,,AVAILABLE,PUBLIC,Official application route.
prov_getcalfresh,GetCalFresh / Code for America,,Plain-language CalFresh information and live support that routes applications to BenefitsCal.,https://www.getcalfresh.org/en,,public_partner_source,https://www.getcalfresh.org/en,public_source,2026-08-02T12:00:00+00:00,PUBLIC,application_assister,external_system,svc_getcalfresh_help,CalFresh guidance and application support,benefits_application,food_benefits,external_application_support,more_help,PUBLIC,Review plain-language CalFresh guidance and obtain support while using the official application route.,Anyone may use the information; official eligibility remains with the County.,CALFRESH_APPLICATION_ASSISTANCE,The application itself now routes through BenefitsCal; verify current support options.,false,false,loc_getcalfresh_online,Online guidance,,San Diego,CA,,Online; support availability varies,California,English and Spanish; verify current options,Online,,,,,AVAILABLE,PUBLIC,Open guidance resource.
prov_county_access,County of San Diego HHSA,,County agency responsible for CalFresh eligibility and Family Resource Center services.,https://www.sandiegocounty.gov/content/sdc/hhsa/programs/ssp/access/index.html,1-866-262-9881,official_county_source,https://www.sandiegocounty.gov/content/sdc/hhsa/programs/ssp/food_stamps/family_resource_centers.html,official_source,2026-08-02T12:00:00+00:00,PUBLIC,government_agency,external_system,svc_county_access,Access Call Center and Family Resource Centers,benefits_application,food_benefits,phone_or_in_person,more_help,PUBLIC,"Ask questions, apply, check status, or locate a County Family Resource Center.",Anyone may apply or request information; the County makes the official determination.,OFFICIAL_APPLICATION,A fixed address is not required for CalFresh county residency. Call for current site details.,true,false,loc_county_access,Countywide call center and FRC network,,San Diego,CA,,Access Call Center Monday–Friday 7:00 AM–5:00 PM; individual FRC details vary,San Diego County,Ask County,Phone and in-person sites,,,,,AVAILABLE,PUBLIC,Official County application and case-support route.
prov_salvation_army_candidate,The Salvation Army San Diego,,Regional Salvation Army organization with multiple San Diego locations and site-specific social services.,https://www.salvationarmyusa.org/ca/san-diego/,,official_provider_source,https://www.salvationarmyusa.org/ca/san-diego/health-center-drive-corps/hunger/,under_review,2026-08-02T12:00:00+00:00,PUBLIC,community_provider,not_contacted,svc_salvation_army_candidate,Direct food referral — partner verification pending,food,food,direct_service,direct_help,RESTRICTED,"Placeholder for partner-supplied sites, schedules, requirements, and availability.",Not yet verified for public display.,PARTNER_VERIFICATION_REQUIRED,"Do not send SANDI tickets until the organization identifies participating sites, intake fields, and a response owner.",true,false,loc_salvation_army_candidate,Location pending partner import,,San Diego,CA,,Pending verification,San Diego County,,,,,,,UNKNOWN,NOT_SHARED,Partner onboarding required.
prov_sd_rescue_mission_candidate,San Diego Rescue Mission,,"San Diego nonprofit providing homelessness services, hunger relief, outreach, and residential programs.",https://www.sdrescue.org/,619-687-3720,official_provider_source,https://www.sdrescue.org/what-we-do/hunger-relief/,under_review,2026-08-02T12:00:00+00:00,PUBLIC,community_provider,not_contacted,svc_sd_rescue_mission_candidate,Direct meal/day-center referral — partner verification pending,food,food,direct_service,direct_help,RESTRICTED,"Placeholder for partner-supplied sites, schedules, requirements, and availability.",Not yet verified for public display.,PARTNER_VERIFICATION_REQUIRED,Do not send SANDI tickets until the organization confirms which client-facing meal/day-center pathways accept referrals and their intake requirements.,true,false,loc_sd_rescue_mission_candidate,Location pending partner import,,San Diego,CA,,Pending verification,San Diego County,,,,,,,UNKNOWN,NOT_SHARED,Partner onboarding required.
prov_sandi_community_map,SANDI Community Resource Map,,"Placeholder for the team map containing food, bathrooms, and other basic-needs locations.",,,team_partner_map,,under_review,2026-08-05T12:00:00+00:00,RESTRICTED,resource_coordinator,awaiting_map_url,svc_sandi_community_map,Community food and bathroom map,food_locator,basic_needs,external_locator,immediate_food,RESTRICTED,"Team-maintained map to be activated after its URL, data owner, coverage, and update process are confirmed.",Open-access map after verification.,OPEN_ACCESS_INFORMATION,"To activate: add the approved URL, set public_visibility=PUBLIC, record the data owner and last verified date.",false,false,loc_sandi_community_map,Online community map,,San Diego,CA,,Online after activation,San Diego County,,,,,,,UNKNOWN,PUBLIC,Awaiting approved map URL and ownership details.
prov_salvation_army_candidate,The Salvation Army San Diego,,Regional Salvation Army organization with multiple San Diego locations and site-specific social services.,https://www.salvationarmyusa.org/ca/san-diego/,,official_provider_source,https://www.salvationarmyusa.org/ca/san-diego/health-center-drive-corps/hunger/,under_review,2026-08-02T12:00:00+00:00,PUBLIC,community_provider,not_contacted,svc_salvation_army_locations,Official San Diego locations and food-pantry information,food_navigation,food,external_information,immediate_food,PUBLIC,"Open the official San Diego location list. Food-pantry services, hours, identification, and eligibility can differ by location, so confirm before traveling.",Location-specific; the organization advises contacting the local site for requirements.,SITE_SPECIFIC_FOOD_DISTRIBUTION,"This is a public information handoff, not a SANDI referral or live availability feed.",true,false,loc_salvation_army_online,Official San Diego location finder,,San Diego,CA,,Varies by location; confirm with the selected site,San Diego area,Ask selected site,Ask selected site,,,,,CALL_TO_VERIFY,PUBLIC,Site-specific information must be confirmed.
prov_sd_rescue_mission_candidate,San Diego Rescue Mission,,"San Diego nonprofit providing homelessness services, hunger relief, outreach, and residential programs.",https://www.sdrescue.org/,619-687-3720,official_provider_source,https://www.sdrescue.org/what-we-do/hunger-relief/,under_review,2026-08-02T12:00:00+00:00,PUBLIC,community_provider,not_contacted,svc_sd_rescue_mission_info,Hunger relief and homelessness-program information,food_navigation,food,external_information,more_help,PUBLIC,Review official Rescue Mission hunger-relief and homelessness programs or contact the organization for the current client pathway.,Program-specific; confirm the correct client-facing service before travel.,OPEN_ACCESS_INFORMATION,The public hunger-relief page also describes nonprofit redistribution; it should not be presented as a guaranteed daily walk-in meal.,true,false,loc_sd_rescue_mission_info,Official online information,,San Diego,CA,,Call or use official site to confirm,San Diego County,Ask provider,Ask provider,,,,,CALL_TO_VERIFY,PUBLIC,No live SANDI inventory or referral connection.
prov_sd_food_bank,San Diego Food Bank,Jacobs & Cushman San Diego Food Bank,Regional hunger-relief organization and partner network. Its formal legal name is Jacobs & Cushman San Diego Food Bank.,https://www.sandiegofoodbank.org/programs/food-bank-id-card/,1-866-350-3663,official_public_source,https://www.sandiegofoodbank.org/programs/food-bank-id-card/,public_source,2026-08-02T12:00:00+00:00,PUBLIC,food_bank_network,outreach_priority,svc_sd_food_bank_id_card,Food Bank ID Card registration,benefits_application,food_access,external_application,more_help,PUBLIC,Register for the Food Bank ID Card used at participating San Diego Food Bank distribution sites so registration information does not have to be repeated at each participating location.,The official Food Bank page states there are no sign-up requirements and anyone can qualify for the card.,FOOD_BANK_ID_CARD,The card is separate from a government-issued ID and only applies at participating Food Bank locations.,false,false,loc_sd_food_bank_id_online,Online registration,,San Diego,CA,,Online form,Participating San Diego Food Bank locations,Official form offers multiple languages,Online form,,Use the chosen distribution address for routing.,,,AVAILABLE,PUBLIC,Official registration route.
prov_sd_food_bank,San Diego Food Bank,Jacobs & Cushman San Diego Food Bank,Regional hunger-relief organization and partner network. Its formal legal name is Jacobs & Cushman San Diego Food Bank.,https://www.sandiegofoodbank.org/programs/pantry/,1-866-350-3663,official_public_source,https://www.sandiegofoodbank.org/programs/pantry/,public_source,2026-08-02T12:00:00+00:00,PUBLIC,food_bank_network,outreach_priority,svc_sd_food_bank_north_pantry,North County Client Choice Pantry,food,food,direct_service,immediate_food,PUBLIC,"Appointment-only client-choice pantry at the San Diego Food Bank North County location. Use the official page to review current hours, closures, and book an appointment.",The official page says no documentation is needed; appointments and current operating rules still apply.,SITE_SPECIFIC_FOOD_DISTRIBUTION,Bring reusable grocery bags. Verify current closures and appointment availability on the official page.,true,false,loc_sd_food_bank_north_pantry,San Diego Food Bank — North County,2260 Oak Ridge Way,Vista,CA,92081,Appointment only; Monday–Friday hours vary by session and registration cutoff,San Diego County,Ask provider,Service animals welcome; verify additional access needs,Closed every fourth Friday and listed holidays; verify official page,Open official page for directions and appointment booking,,,CALL_TO_VERIFY,PUBLIC,Appointment availability and closures change.
prov_ca_wic,California WIC,California Department of Public Health — WIC Program,Official California WIC information and local-office application route.,https://www.cdph.ca.gov/Programs/CFH/DWICSN/Pages/HowCanIGetWIC.aspx,,official_public_source,https://www.cdph.ca.gov/Programs/CFH/DWICSN/Pages/HowCanIGetWIC.aspx,public_source,2026-08-05,PUBLIC,government_program,public_link_only,svc_ca_wic_apply,Apply for WIC or find a local office,benefits_application,food_benefits,external_application,more_help,PUBLIC,"Use the official WIC route to contact a local office for categorical, income, residency, and nutrition screening.","Pregnant or recently pregnant people, infants, and children under five may qualify; WIC makes the final determination.",WIC,The local WIC office explains current proof and appointment requirements.,false,false,loc_ca_wic_statewide,California WIC,,,CA,,Use official site to locate local office,California,"English, Spanish; local language support varies",Contact local office,,,,,CALL_TO_VERIFY,PUBLIC,Use official local office information.
prov_cdss_rmp,California Restaurant Meals Program,California Department of Social Services — Restaurant Meals Program,Official Restaurant Meals Program eligibility and participating-location information.,https://www.cdss.ca.gov/rmp,,official_public_source,https://www.cdss.ca.gov/rmp,public_source,2026-08-05,PUBLIC,government_program,public_link_only,svc_rmp_info,Check Restaurant Meals Program options,food_navigation,food_benefits,external_information,more_help,PUBLIC,Review qualifying household categories and current participating restaurants.,Generally requires current CalFresh participation plus a qualifying household category.,RESTAURANT_MEALS,Participation and restaurant availability must be confirmed through the current official route.,false,false,loc_rmp_statewide,California Restaurant Meals Program,,,CA,,Online information,California,See official source,See official source,,,,,CALL_TO_VERIFY,PUBLIC,Restaurant participation changes.
