question_id,question,stage,group,sensitivity,priority,programs_affected,why_asked,conditional_note,source_refs,unknown_skip_behavior
age,How old are you?,Reusable basics,AGE_LIFE_STAGE,1,10,Restaurant Meals Program route,Used by several food-benefit pathways.,Asked once and reused.,03. Student Eligibility (06-2026) | 1a. Assistance Standards | Restaurant Meals Program,Saved as unknown/skipped; direct food remains available; question is not immediately repeated.
household_size,How many people are in your CalFresh food household?,Reusable basics,HOUSEHOLD,1,20,CalFresh basic pre-screen,Selects the correct income threshold and household calculation.,Use the help text rather than asking every relationship question up front.,02. Household Composition | 1a. Assistance Standards,Saved as unknown/skipped; direct food remains available; question is not immediately repeated.
current_calfresh,Does anyone in the household currently receive CalFresh?,Reusable basics,CURRENT_BENEFITS,1,30,Restaurant Meals Program route,Reused by Restaurant Meals and application-routing logic.,Does not require a case number.,Restaurant Meals Program | 14. WINS & Aid Codes,Saved as unknown/skipped; direct food remains available; question is not immediately repeated.
student_half_time,Are you enrolled at least half-time in a college or other institution of higher education?,Conditional,STUDENT,1,40,CalFresh basic pre-screen,Determines whether the CalFresh student restriction needs review.,Only student-specific follow-ups should appear after Yes.,03. Student Eligibility (06-2026) | 1h. Student Worksheet | 1i. Student Flowchart,Saved as unknown/skipped; direct food remains available; question is not immediately repeated.
student_meal_plan_majority,Does a school meal plan provide more than half of your meals?,Conditional,STUDENT,1,41,CalFresh basic pre-screen,A majority meal plan can change the food-household route.,Ask only when student_half_time is Yes.,02. Household Composition | 03. Student Eligibility (06-2026),Saved as unknown/skipped; direct food remains available; question is not immediately repeated.
child_under_5,Does the household include a child under age five?,Situation flags,FAMILY_WIC,1,51,WIC family-category route,Shared WIC family-category question.,Ask once and reuse.,California WIC,Saved as unknown/skipped; direct food remains available; question is not immediately repeated.
monthly_income,"About how much gross income does the food household receive in a month, before taxes?",Reusable basics,FINANCIAL,2,25,CalFresh basic pre-screen | CalFresh expedited-service indicator,Supports the CalFresh gross-income screen and expedited-service indicator.,Do not ask for documents during pre-screening.,06. CalFresh Income | 12. Anticipated Income | 1a. Assistance Standards,Saved as unknown/skipped; direct food remains available; question is not immediately repeated.
housing_status,Which best describes where you are staying?,Situation flags,HOUSING,2,35,Restaurant Meals Program route,"Supports access mode, expedited context, and RMP routing.",Never block direct resources.,05. Non-Financial | Restaurant Meals Program,Saved as unknown/skipped; direct food remains available; question is not immediately repeated.
student_exemptions,Do any of these student exceptions describe you?,Conditional,STUDENT,2,42,CalFresh basic pre-screen,Checks the most common shared student exemptions without separate forms.,Ask only when student_half_time is Yes.,03. Student Eligibility (06-2026) | 1h. Student Worksheet | 1i. Student Flowchart,Saved as unknown/skipped; direct food remains available; question is not immediately repeated.
monthly_shelter_cost,"About how much does the household pay each month for rent, mortgage, or shelter?",Crisis follow-up,EXPEDITED_DEDUCTIONS,2,61,CalFresh expedited-service indicator,Can identify crisis households and is reusable for deduction guidance.,Unknown is allowed.,07. Deductions | 11. Expedited Services,Saved as unknown/skipped; direct food remains available; question is not immediately repeated.
monthly_utility_cost,About how much does the household pay each month for utilities?,Crisis follow-up,EXPEDITED_DEDUCTIONS,2,62,CalFresh expedited-service indicator,Completes the expedited shelter-cost comparison.,Unknown is allowed.,07. Deductions | 11. Expedited Services | 1f. SUA Flowchart,Saved as unknown/skipped; direct food remains available; question is not immediately repeated.
migrant_seasonal_farmworker,Is anyone in the household a migrant or seasonal farmworker with very little money available now?,Crisis follow-up,EXPEDITED,2,63,CalFresh expedited-service indicator,A separate expedited criterion applies to some migrant/seasonal farmworker households.,Ask only after immediate resources are shown.,11. Expedited Services,Saved as unknown/skipped; direct food remains available; question is not immediately repeated.
current_benefits,Which benefits does anyone in the household currently receive?,Conditional,CURRENT_BENEFITS,2,70,Future phase / catalog only,Can simplify future adjunctive-eligibility and application flows.,Not required for the current core screen.,CalSAWS Multi-Program Guides | 14. WINS & Aid Codes,Saved as unknown/skipped; direct food remains available; question is not immediately repeated.
disability,Does anyone in the CalFresh household have a disability that may affect program rules?,Situation flags,DISABILITY_OLDER_ADULT,3,50,Restaurant Meals Program route,Reused across multiple pathways.,Do not ask for diagnosis or documentation in the demo.,07. Deductions | 13. Budgeting Resources & MCE | 15. Work Registration/ABAWD,Saved as unknown/skipped; direct food remains available; question is not immediately repeated.
pregnant_recent,Is anyone pregnant or recently pregnant?,Situation flags,FAMILY_WIC,3,52,WIC family-category route,Shared WIC and work-rule flag.,Unknown and skip remain valid.,California WIC | 15. Work Registration/ABAWD,Saved as unknown/skipped; direct food remains available; question is not immediately repeated.
liquid_resources,About how much cash and money in checking or savings is available to the household right now?,Crisis follow-up,EXPEDITED,3,60,CalFresh expedited-service indicator,One of the expedited-service tests uses immediately available liquid resources.,"Ask after basic routing, not before showing food.",11. Expedited Services | 13. Budgeting Resources & MCE,Saved as unknown/skipped; direct food remains available; question is not immediately repeated.
