program_id,program_name,rule_version_id,display_priority,access_score,branch,logic_group,requirement,rule_field,question_id,question_text,answer_type,operator,expected,pass_reason,fail_reason,unknown_reason,pass_status,unknown_status,fail_status,effective_from,effective_to,review_due,source_label,source_url,actions
calfresh,CalFresh basic pre-screen,calfresh-sd-2025-10-v2,10,95,,ALL requirements,San Diego County route,county_residence,zip_code,What ZIP code are you in now?,text,equals,A ZIP routed to San Diego County,The entered ZIP appears to be in San Diego County.,This pilot only evaluates San Diego County routes.,A ZIP code is needed for county routing.,LIKELY_ELIGIBLE,NEEDS_INFORMATION,LIKELY_NOT_ELIGIBLE,2025-10-01,2026-09-30,2026-09-15,"County of San Diego CalFresh Desk Aids: household composition, student eligibility, non-financial factors, income, and 10/2025 assistance standards",https://www.sandiegocounty.gov/content/sdc/hhsa/programs/ssp/food_stamps.html,Start the official application; Get application help; Talk with a navigator
calfresh,CalFresh basic pre-screen,calfresh-sd-2025-10-v2,10,95,,ALL requirements,Food-household size,household_size,household_size,How many people are in your CalFresh food household?,number,gte,1,A food-household size was provided.,Household size must be at least one.,Food-household size is needed for the correct income limit.,LIKELY_ELIGIBLE,NEEDS_INFORMATION,LIKELY_NOT_ELIGIBLE,2025-10-01,2026-09-30,2026-09-15,"County of San Diego CalFresh Desk Aids: household composition, student eligibility, non-financial factors, income, and 10/2025 assistance standards",https://www.sandiegocounty.gov/content/sdc/hhsa/programs/ssp/food_stamps.html,Start the official application; Get application help; Talk with a navigator
calfresh,CalFresh basic pre-screen,calfresh-sd-2025-10-v2,10,95,,ALL requirements,Gross monthly household income,monthly_income,monthly_income,"About how much gross income does the food household receive in a month, before taxes?",number,income_below_table,"{""household_size_field"": ""household_size"", ""table"": {""1"": 2610, ""2"": 3526, ""3"": 4442, ""4"": 5360, ""5"": 6276, ""6"": 7192, ""7"": 8110, ""8"": 9026}, ""additional_member_increment"": 918}",Reported gross monthly income is within the 200% FPL MCE screening ceiling for the reported household size.,Reported gross monthly income is above this basic 200% FPL screen; a worker should review household composition and any program-specific exception.,Approximate gross monthly income is needed for this screen.,LIKELY_ELIGIBLE,NEEDS_INFORMATION,LIKELY_NOT_ELIGIBLE,2025-10-01,2026-09-30,2026-09-15,"County of San Diego CalFresh Desk Aids: household composition, student eligibility, non-financial factors, income, and 10/2025 assistance standards",https://www.sandiegocounty.gov/content/sdc/hhsa/programs/ssp/food_stamps.html,Start the official application; Get application help; Talk with a navigator
calfresh,CalFresh basic pre-screen,calfresh-sd-2025-10-v2,10,95,Student-specific CalFresh rules,IF,Higher-education student status,student_half_time,student_half_time,Are you enrolled at least half-time in a college or other institution of higher education?,single_select,equals,"""yes""",The half-time higher-education student rule needs review.,The special half-time student restriction was not reported.,Student enrollment status could change the result.,LIKELY_ELIGIBLE,NEEDS_INFORMATION,LIKELY_NOT_ELIGIBLE,2025-10-01,2026-09-30,2026-09-15,"County of San Diego CalFresh Desk Aids: household composition, student eligibility, non-financial factors, income, and 10/2025 assistance standards",https://www.sandiegocounty.gov/content/sdc/hhsa/programs/ssp/food_stamps.html,Start the official application; Get application help; Talk with a navigator
calfresh,CalFresh basic pre-screen,calfresh-sd-2025-10-v2,10,95,Student-specific CalFresh rules,ALL requirements,School meal-plan coverage,student_meal_plan_majority,student_meal_plan_majority,Does a school meal plan provide more than half of your meals?,single_select,equals,"""no""",A majority school meal plan was not reported.,A school meal plan providing more than half of meals may make the student ineligible as a separate CalFresh household member.,Meal-plan information is needed for the student route.,LIKELY_ELIGIBLE,NEEDS_INFORMATION,LIKELY_NOT_ELIGIBLE,2025-10-01,2026-09-30,2026-09-15,"County of San Diego CalFresh Desk Aids: household composition, student eligibility, non-financial factors, income, and 10/2025 assistance standards",https://www.sandiegocounty.gov/content/sdc/hhsa/programs/ssp/food_stamps.html,Start the official application; Get application help; Talk with a navigator
calfresh,CalFresh basic pre-screen,calfresh-sd-2025-10-v2,10,95,Student-specific CalFresh rules,ALL requirements,Student exception,student_exemptions,student_exemptions,Do any of these student exceptions describe you?,multi_select,contains_any,At least one listed student exception,At least one potential student exemption was selected.,No listed student exemption was selected; an authorized worker should check all exceptions.,A potential student exemption must be reviewed.,LIKELY_ELIGIBLE,NEEDS_INFORMATION,LIKELY_NOT_ELIGIBLE,2025-10-01,2026-09-30,2026-09-15,"County of San Diego CalFresh Desk Aids: household composition, student eligibility, non-financial factors, income, and 10/2025 assistance standards",https://www.sandiegocounty.gov/content/sdc/hhsa/programs/ssp/food_stamps.html,Start the official application; Get application help; Talk with a navigator
calfresh_expedited,CalFresh expedited-service indicator,calfresh-expedited-sd-v2,60,60,,ALL requirements,Gross monthly household income,monthly_income,monthly_income,"About how much gross income does the food household receive in a month, before taxes?",number,lt,150,Reported monthly gross income is below $150.,The under-$150 income test was not met.,Monthly income is needed for the first expedited test.,MAY_QUALIFY,NEEDS_INFORMATION,LIKELY_NOT_ELIGIBLE,2026-01-01,2026-12-31,2026-10-01,County of San Diego CalFresh Desk Aid 11: Expedited Services,https://www.sandiegocounty.gov/content/sdc/hhsa/programs/ssp/food_stamps/submitting_an_application.html,Ask for expedited screening; Contact County Access
calfresh_expedited,CalFresh expedited-service indicator,calfresh-expedited-sd-v2,60,60,,ALL requirements,Cash and liquid resources available now,liquid_resources,liquid_resources,About how much cash and money in checking or savings is available to the household right now?,number,lte,100,Reported liquid resources are $100 or less.,The $100 liquid-resource test was not met.,Liquid resources are needed for the expedited test.,MAY_QUALIFY,NEEDS_INFORMATION,LIKELY_NOT_ELIGIBLE,2026-01-01,2026-12-31,2026-10-01,County of San Diego CalFresh Desk Aid 11: Expedited Services,https://www.sandiegocounty.gov/content/sdc/hhsa/programs/ssp/food_stamps/submitting_an_application.html,Ask for expedited screening; Contact County Access
calfresh_expedited,CalFresh expedited-service indicator,calfresh-expedited-sd-v2,60,60,,AT LEAST ONE route,Expedited shelter-cost comparison,monthly_income;liquid_resources;monthly_shelter_cost;monthly_utility_cost,monthly_income;liquid_resources;monthly_shelter_cost;monthly_utility_cost,"About how much gross income does the food household receive in a month, before taxes?; About how much cash and money in checking or savings is available to the household right now?; About how much does the household pay each month for rent, mortgage, or shelter?; About how much does the household pay each month for utilities?",calculated,lt,Income plus liquid resources is less than shelter plus utility costs,Reported income plus liquid resources are less than reported shelter and utility costs.,The shelter-cost comparison was not met.,"Income, liquid resources, shelter cost, and utilities are needed for this comparison.",MAY_QUALIFY,NEEDS_INFORMATION,LIKELY_NOT_ELIGIBLE,2026-01-01,2026-12-31,2026-10-01,County of San Diego CalFresh Desk Aid 11: Expedited Services,https://www.sandiegocounty.gov/content/sdc/hhsa/programs/ssp/food_stamps/submitting_an_application.html,Ask for expedited screening; Contact County Access
calfresh_expedited,CalFresh expedited-service indicator,calfresh-expedited-sd-v2,60,60,,ALL requirements,Migrant or seasonal farmworker crisis route,migrant_seasonal_farmworker,migrant_seasonal_farmworker,Is anyone in the household a migrant or seasonal farmworker with very little money available now?,single_select,equals,"""yes""",A migrant/seasonal farmworker household was reported.,The migrant/seasonal farmworker test was not selected.,Farmworker status is needed for this expedited branch.,MAY_QUALIFY,NEEDS_INFORMATION,LIKELY_NOT_ELIGIBLE,2026-01-01,2026-12-31,2026-10-01,County of San Diego CalFresh Desk Aid 11: Expedited Services,https://www.sandiegocounty.gov/content/sdc/hhsa/programs/ssp/food_stamps/submitting_an_application.html,Ask for expedited screening; Contact County Access
calfresh_expedited,CalFresh expedited-service indicator,calfresh-expedited-sd-v2,60,60,,ALL requirements,Cash and liquid resources available now,liquid_resources,liquid_resources,About how much cash and money in checking or savings is available to the household right now?,number,lte,100,Reported liquid resources are $100 or less.,The $100 liquid-resource test was not met.,Liquid resources are needed for this expedited branch.,MAY_QUALIFY,NEEDS_INFORMATION,LIKELY_NOT_ELIGIBLE,2026-01-01,2026-12-31,2026-10-01,County of San Diego CalFresh Desk Aid 11: Expedited Services,https://www.sandiegocounty.gov/content/sdc/hhsa/programs/ssp/food_stamps/submitting_an_application.html,Ask for expedited screening; Contact County Access
direct_food,Food resources and navigation,direct-food-catalog-v2,1,100,,,No formal eligibility screen,,,No question required,none,always,Available to everyone,Food navigation can be shown without a formal eligibility screen.,,,DIRECT_RESOURCE,DIRECT_RESOURCE,DIRECT_RESOURCE,2026-08-01,,2026-11-01,SANDI provider catalog with source and verification metadata,,Find food now; Open another food map
restaurant_meals,Restaurant Meals Program route,rmp-route-v2,30,75,,ALL requirements,Current CalFresh participation,current_calfresh,current_calfresh,Does anyone in the household currently receive CalFresh?,single_select,equals,"""yes""",Current CalFresh participation was reported.,This route generally requires current CalFresh participation.,Current CalFresh participation is needed for this route.,MAY_QUALIFY,NEEDS_INFORMATION,LIKELY_NOT_ELIGIBLE,2026-01-01,2026-12-31,2026-11-01,California Department of Social Services Restaurant Meals Program,https://www.cdss.ca.gov/rmp,Check Restaurant Meals options
restaurant_meals,Restaurant Meals Program route,rmp-route-v2,30,75,,AT LEAST ONE route,Age-based Restaurant Meals category,age_60_plus,age,How old are you?,number,equals,Age 60 or older,Age 60 or older may fit an RMP category.,Age 60+ was not indicated.,Age could change this route.,MAY_QUALIFY,NEEDS_INFORMATION,LIKELY_NOT_ELIGIBLE,2026-01-01,2026-12-31,2026-11-01,California Department of Social Services Restaurant Meals Program,https://www.cdss.ca.gov/rmp,Check Restaurant Meals options
restaurant_meals,Restaurant Meals Program route,rmp-route-v2,30,75,,AT LEAST ONE route,Disability-related Restaurant Meals category,disability,disability,Does anyone in the CalFresh household have a disability that may affect program rules?,single_select,equals,"""yes""",A disability-related category may fit the route.,A disability category was not reported.,Disability information could change this route.,MAY_QUALIFY,NEEDS_INFORMATION,LIKELY_NOT_ELIGIBLE,2026-01-01,2026-12-31,2026-11-01,California Department of Social Services Restaurant Meals Program,https://www.cdss.ca.gov/rmp,Check Restaurant Meals options
restaurant_meals,Restaurant Meals Program route,rmp-route-v2,30,75,,AT LEAST ONE route,Housing-status Restaurant Meals category,no_fixed_address,housing_status,Which best describes where you are staying?,single_select,equals,"Temporary, sheltered, unsheltered, or no fixed address",The reported housing situation may fit the homelessness category.,A qualifying housing situation was not indicated.,Housing status could change this route.,MAY_QUALIFY,NEEDS_INFORMATION,LIKELY_NOT_ELIGIBLE,2026-01-01,2026-12-31,2026-11-01,California Department of Social Services Restaurant Meals Program,https://www.cdss.ca.gov/rmp,Check Restaurant Meals options
wic,WIC family-category route,wic-route-v2,20,90,,ALL requirements,San Diego County route,county_residence,zip_code,What ZIP code are you in now?,text,equals,A ZIP routed to San Diego County,The entered ZIP appears to be in San Diego County.,This pilot only shows San Diego routes.,A ZIP is needed for local WIC routing.,MAY_QUALIFY,NEEDS_INFORMATION,LIKELY_NOT_ELIGIBLE,2026-01-01,2026-12-31,2026-11-01,California WIC public eligibility and local application route,https://www.cdph.ca.gov/Programs/CFH/DWICSN/Pages/HowCanIGetWIC.aspx,Apply for WIC or find a local office
wic,WIC family-category route,wic-route-v2,20,90,,AT LEAST ONE route,Pregnancy or recent-pregnancy category,pregnant_recent,pregnant_recent,Is anyone pregnant or recently pregnant?,single_select,equals,"""yes""",Pregnancy or recent pregnancy may fit a WIC participant category.,Pregnancy/recent pregnancy was not reported.,Pregnancy/recent-pregnancy status could open a WIC route.,MAY_QUALIFY,NEEDS_INFORMATION,LIKELY_NOT_ELIGIBLE,2026-01-01,2026-12-31,2026-11-01,California WIC public eligibility and local application route,https://www.cdph.ca.gov/Programs/CFH/DWICSN/Pages/HowCanIGetWIC.aspx,Apply for WIC or find a local office
wic,WIC family-category route,wic-route-v2,20,90,,AT LEAST ONE route,Child-under-five category,child_under_5,child_under_5,Does the household include a child under age five?,single_select,equals,"""yes""",A child under five may fit a WIC participant category.,A child under five was not reported.,Whether there is a child under five could open a WIC route.,MAY_QUALIFY,NEEDS_INFORMATION,LIKELY_NOT_ELIGIBLE,2026-01-01,2026-12-31,2026-11-01,California WIC public eligibility and local application route,https://www.cdph.ca.gov/Programs/CFH/DWICSN/Pages/HowCanIGetWIC.aspx,Apply for WIC or find a local office
